id,name,default_code,image_1920
product.consu_delivery_01_product_template,Three-Seat Sofa,,https://cdn.pixabay.com/photo/2013/09/21/14/30/sofa-184551_960_720.jpg
product.product_product_12_product_template,Office Chair Black,,2.jpg
product.product_delivery_01_product_template,Office Chair,,4.jpg

product.product_product_24_product_template,Individual Workplace,,3.jpg

product.consu_delivery_02_product_template,Large Meeting Table,,https://cdn.pixabay.com/photo/2017/03/28/12/09/chairs-2181939_960_720.jpg
