id,image_1920,name

website_sale.Components,Components.png,Components
website_sale.public_category_boxes,Boxes.jpg,Boxes
website_sale.services,Service.jpg,Services
website_sale.public_category_desks,https://cdn.pixabay.com/photo/2015/04/20/06/46/office-730681_960_720.jpg,Desks
website_sale.public_category_cabinets,https://cdn.pixabay.com/photo/2018/07/27/17/46/storage-3566495_960_720.jpg,Cabinets
website_sale.public_category_bins,Bins.png,Bins
website_sale.public_category_chairs,https://cdn.pixabay.com/photo/2012/09/29/18/33/chairs-58475_960_720.jpg,Chairs
website_sale.public_category_drawers,Drawers.png,Drawers
website_sale.public_category_lamps,https://cdn.pixabay.com/photo/2014/09/28/21/30/light-465350_960_720.jpg,Lamps
website_sale.public_category_multimedia,Multimedia.jpg,Multimedia
